date,The Meadow,The Hallows,The Amphitheater,Spirit Lake,Campground
10/29/2021 1:00:00 PM,A,1,2,3,4
10/29/2021 1:05:00 PM,B,1,2,3,4
10/29/2021 1:10:00 PM,C,1,2,3,4
10/29/2021 1:15:00 PM,D,1,2,3,4
10/29/2021 1:20:00 PM,E,1,2,3,4
10/29/2021 1:25:00 PM,F,1,2,3,4
10/29/2021 1:30:00 PM,G,1,2,3,4
10/29/2021 1:35:00 PM,H,1,2,3,4
10/29/2021 1:40:00 PM,I,1,2,3,4
10/29/2021 1:45:00 PM,J,1,2,3,4
10/29/2021 1:50:00 PM,K,1,2,3,4
10/29/2021 1:55:00 PM,L,1,2,3,4
10/29/2021 2:00:00 PM,M,1,2,3,4
10/29/2021 2:05:00 PM,N,1,2,3,4
10/29/2021 2:10:00 PM,O,1,2,3,4
10/29/2021 2:15:00 PM,P,1,2,3,4
10/29/2021 2:20:00 PM,Q,1,2,3,4
10/29/2021 2:25:00 PM,R,1,2,3,4
10/29/2021 2:30:00 PM,S,1,2,3,4
10/29/2021 2:35:00 PM,T,1,2,3,4
10/29/2021 2:40:00 PM,U,1,2,3,4
10/29/2021 2:45:00 PM,V,1,2,3,4
10/29/2021 2:50:00 PM,W,1,2,3,4
10/29/2021 2:55:00 PM,X,1,2,3,4
10/29/2021 3:00:00 PM,Y,1,2,3,4
10/29/2021 3:05:00 PM,Z,1,2,3,4
10/29/2021 3:10:00 PM,A,1,2,3,4
10/29/2021 3:15:00 PM,B,1,2,3,4
10/29/2021 3:20:00 PM,C,1,2,3,4
10/29/2021 3:25:00 PM,D,1,2,3,4
10/29/2021 3:30:00 PM,E,1,2,3,4
10/29/2021 3:35:00 PM,F,1,2,3,4
10/29/2021 3:40:00 PM,G,1,2,3,4
10/29/2021 3:45:00 PM,H,1,2,3,4
10/29/2021 3:50:00 PM,I,1,2,3,4
10/29/2021 3:55:00 PM,J,1,2,3,4
10/29/2021 4:00:00 PM,K,1,2,3,4
10/29/2021 4:05:00 PM,L,1,2,3,4
10/29/2021 4:10:00 PM,M,1,2,3,4
10/29/2021 4:15:00 PM,N,1,2,3,4
10/29/2021 4:20:00 PM,O,1,2,3,4
10/29/2021 4:25:00 PM,P,1,2,3,4
10/29/2021 4:30:00 PM,Q,1,2,3,4
10/29/2021 4:35:00 PM,R,1,2,3,4
10/29/2021 4:40:00 PM,S,1,2,3,4
10/29/2021 4:45:00 PM,T,1,2,3,4
10/29/2021 4:50:00 PM,U,1,2,3,4
10/29/2021 4:55:00 PM,V,1,2,3,4
10/29/2021 5:00:00 PM,W,1,2,3,4
10/29/2021 5:05:00 PM,X,1,2,3,4
10/29/2021 5:10:00 PM,Y,1,2,3,4
10/29/2021 5:15:00 PM,Z,1,2,3,4
10/29/2021 5:20:00 PM,A,1,2,3,4
10/29/2021 5:25:00 PM,B,1,2,3,4
10/29/2021 5:30:00 PM,C,1,2,3,4
10/29/2021 5:35:00 PM,D,1,2,3,4
10/29/2021 5:40:00 PM,E,1,2,3,4
10/29/2021 5:45:00 PM,F,1,2,3,4
10/29/2021 5:50:00 PM,G,1,2,3,4
10/29/2021 5:55:00 PM,H,1,2,3,4
10/29/2021 6:00:00 PM,I,1,2,3,4
10/29/2021 6:05:00 PM,J,1,2,3,4
10/29/2021 6:10:00 PM,K,1,2,3,4
10/29/2021 6:15:00 PM,L,1,2,3,4
10/29/2021 6:20:00 PM,M,1,2,3,4
10/29/2021 6:25:00 PM,N,1,2,3,4
10/29/2021 6:30:00 PM,O,1,2,3,4
10/29/2021 6:35:00 PM,P,1,2,3,4
10/29/2021 6:40:00 PM,Q,1,2,3,4
10/29/2021 6:45:00 PM,R,1,2,3,4
10/29/2021 6:50:00 PM,S,1,2,3,4
10/29/2021 6:55:00 PM,T,1,2,3,4
10/29/2021 7:00:00 PM,U,1,2,3,4
10/29/2021 7:05:00 PM,V,1,2,3,4
10/29/2021 7:10:00 PM,W,1,2,3,4
10/29/2021 7:15:00 PM,X,1,2,3,4
10/29/2021 7:20:00 PM,Y,1,2,3,4
10/29/2021 7:25:00 PM,Z,1,2,3,4
10/29/2021 7:30:00 PM,A,1,2,3,4
10/29/2021 7:35:00 PM,B,1,2,3,4
10/29/2021 7:40:00 PM,C,1,2,3,4
10/29/2021 7:45:00 PM,D,1,2,3,4
10/29/2021 7:50:00 PM,E,1,2,3,4
10/29/2021 7:55:00 PM,F,1,2,3,4
10/29/2021 8:00:00 PM,G,1,2,3,4
10/29/2021 8:05:00 PM,H,1,2,3,4
10/29/2021 8:10:00 PM,I,1,2,3,4
10/29/2021 8:15:00 PM,J,1,2,3,4
10/29/2021 8:20:00 PM,K,1,2,3,4
10/29/2021 8:25:00 PM,L,1,2,3,4
10/29/2021 8:30:00 PM,M,1,2,3,4
10/29/2021 8:35:00 PM,N,1,2,3,4
10/29/2021 8:40:00 PM,O,1,2,3,4
10/29/2021 8:45:00 PM,P,1,2,3,4
10/29/2021 8:50:00 PM,Q,1,2,3,4
10/29/2021 8:55:00 PM,R,1,2,3,4
10/29/2021 9:00:00 PM,S,1,2,3,4
10/29/2021 9:05:00 PM,T,1,2,3,4
10/29/2021 9:10:00 PM,U,1,2,3,4
10/29/2021 9:15:00 PM,V,1,2,3,4
10/29/2021 9:20:00 PM,W,1,2,3,4
10/29/2021 9:25:00 PM,X,1,2,3,4
10/29/2021 9:30:00 PM,Y,1,2,3,4
10/29/2021 9:35:00 PM,Z,1,2,3,4
10/29/2021 9:40:00 PM,A,1,2,3,4
10/29/2021 9:45:00 PM,B,1,2,3,4
10/29/2021 9:50:00 PM,C,1,2,3,4
10/29/2021 9:55:00 PM,D,1,2,3,4
10/29/2021 10:00:00 PM,E,1,2,3,4
10/29/2021 10:05:00 PM,F,1,2,3,4
10/29/2021 10:10:00 PM,G,1,2,3,4
10/29/2021 10:15:00 PM,H,1,2,3,4
10/29/2021 10:20:00 PM,I,1,2,3,4
10/29/2021 10:25:00 PM,J,1,2,3,4
10/29/2021 10:30:00 PM,K,1,2,3,4
10/29/2021 10:35:00 PM,L,1,2,3,4
10/29/2021 10:40:00 PM,M,1,2,3,4
10/29/2021 10:45:00 PM,N,1,2,3,4
10/29/2021 10:50:00 PM,O,1,2,3,4
10/29/2021 10:55:00 PM,P,1,2,3,4
10/29/2021 11:00:00 PM,Q,1,2,3,4
10/29/2021 11:05:00 PM,R,1,2,3,4
10/29/2021 11:10:00 PM,S,1,2,3,4
10/29/2021 11:15:00 PM,T,1,2,3,4
10/29/2021 11:20:00 PM,U,1,2,3,4
10/29/2021 11:25:00 PM,V,1,2,3,4
10/29/2021 11:30:00 PM,W,1,2,3,4
10/29/2021 11:35:00 PM,X,1,2,3,4
10/29/2021 11:40:00 PM,Y,1,2,3,4
10/29/2021 11:45:00 PM,Z,1,2,3,4
10/29/2021 11:50:00 PM,A,1,2,3,4
10/29/2021 11:55:00 PM,B,1,2,3,4
10/30/2021 12:00:00 AM,C,1,2,3,4
10/30/2021 12:05:00 AM,D,1,2,3,4
10/30/2021 12:10:00 AM,E,1,2,3,4
10/30/2021 12:15:00 AM,F,1,2,3,4
10/30/2021 12:20:00 AM,G,1,2,3,4
10/30/2021 12:25:00 AM,H,1,2,3,4
10/30/2021 12:30:00 AM,I,1,2,3,4
10/30/2021 12:35:00 AM,J,1,2,3,4
10/30/2021 12:40:00 AM,K,1,2,3,4
10/30/2021 12:45:00 AM,L,1,2,3,4
10/30/2021 12:50:00 AM,M,1,2,3,4
10/30/2021 12:55:00 AM,N,1,2,3,4
10/30/2021 1:00:00 AM,O,1,2,3,4
10/30/2021 1:05:00 AM,P,1,2,3,4
10/30/2021 1:10:00 AM,Q,1,2,3,4
10/30/2021 1:15:00 AM,R,1,2,3,4
10/30/2021 1:20:00 AM,S,1,2,3,4
10/30/2021 1:25:00 AM,T,1,2,3,4
10/30/2021 1:30:00 AM,U,1,2,3,4
10/30/2021 1:35:00 AM,V,1,2,3,4
10/30/2021 1:40:00 AM,W,1,2,3,4
10/30/2021 1:45:00 AM,X,1,2,3,4
10/30/2021 1:50:00 AM,Y,1,2,3,4
10/30/2021 1:55:00 AM,Z,1,2,3,4
10/30/2021 2:00:00 AM,A,1,2,3,4
10/30/2021 2:05:00 AM,B,1,2,3,4
10/30/2021 2:10:00 AM,C,1,2,3,4
10/30/2021 2:15:00 AM,D,1,2,3,4
10/30/2021 2:20:00 AM,E,1,2,3,4
10/30/2021 2:25:00 AM,F,1,2,3,4
10/30/2021 2:30:00 AM,G,1,2,3,4
10/30/2021 2:35:00 AM,H,1,2,3,4
10/30/2021 2:40:00 AM,I,1,2,3,4
10/30/2021 2:45:00 AM,J,1,2,3,4
10/30/2021 2:50:00 AM,K,1,2,3,4
10/30/2021 2:55:00 AM,L,1,2,3,4
10/30/2021 3:00:00 AM,M,1,2,3,4
10/30/2021 3:05:00 AM,N,1,2,3,4
10/30/2021 3:10:00 AM,O,1,2,3,4
10/30/2021 3:15:00 AM,P,1,2,3,4
10/30/2021 3:20:00 AM,Q,1,2,3,4
10/30/2021 3:25:00 AM,R,1,2,3,4
10/30/2021 3:30:00 AM,S,1,2,3,4
10/30/2021 3:35:00 AM,T,1,2,3,4
10/30/2021 3:40:00 AM,U,1,2,3,4
10/30/2021 3:45:00 AM,V,1,2,3,4
10/30/2021 3:50:00 AM,W,1,2,3,4
10/30/2021 3:55:00 AM,X,1,2,3,4
10/30/2021 4:00:00 AM,Y,1,2,3,4
10/30/2021 4:05:00 AM,Z,1,2,3,4
10/30/2021 4:10:00 AM,A,1,2,3,4
10/30/2021 4:15:00 AM,B,1,2,3,4
10/30/2021 4:20:00 AM,C,1,2,3,4
10/30/2021 4:25:00 AM,D,1,2,3,4
10/30/2021 4:30:00 AM,E,1,2,3,4
10/30/2021 4:35:00 AM,F,1,2,3,4
10/30/2021 4:40:00 AM,G,1,2,3,4
10/30/2021 4:45:00 AM,H,1,2,3,4
10/30/2021 4:50:00 AM,I,1,2,3,4
10/30/2021 4:55:00 AM,J,1,2,3,4
10/30/2021 5:00:00 AM,K,1,2,3,4
10/30/2021 5:05:00 AM,L,1,2,3,4
10/30/2021 5:10:00 AM,M,1,2,3,4
10/30/2021 5:15:00 AM,N,1,2,3,4
10/30/2021 5:20:00 AM,O,1,2,3,4
10/30/2021 5:25:00 AM,P,1,2,3,4
10/30/2021 5:30:00 AM,Q,1,2,3,4
10/30/2021 5:35:00 AM,R,1,2,3,4
10/30/2021 5:40:00 AM,S,1,2,3,4
10/30/2021 5:45:00 AM,T,1,2,3,4
10/30/2021 5:50:00 AM,U,1,2,3,4
10/30/2021 5:55:00 AM,V,1,2,3,4
10/30/2021 6:00:00 AM,W,1,2,3,4
10/30/2021 6:05:00 AM,X,1,2,3,4
10/30/2021 6:10:00 AM,Y,1,2,3,4
10/30/2021 6:15:00 AM,Z,1,2,3,4
10/30/2021 6:20:00 AM,A,1,2,3,4
10/30/2021 6:25:00 AM,B,1,2,3,4
10/30/2021 6:30:00 AM,C,1,2,3,4
10/30/2021 6:35:00 AM,D,1,2,3,4
10/30/2021 6:40:00 AM,E,1,2,3,4
10/30/2021 6:45:00 AM,F,1,2,3,4
10/30/2021 6:50:00 AM,G,1,2,3,4
10/30/2021 6:55:00 AM,H,1,2,3,4
10/30/2021 7:00:00 AM,I,1,2,3,4
10/30/2021 7:05:00 AM,J,1,2,3,4
10/30/2021 7:10:00 AM,K,1,2,3,4
10/30/2021 7:15:00 AM,L,1,2,3,4
10/30/2021 7:20:00 AM,M,1,2,3,4
10/30/2021 7:25:00 AM,N,1,2,3,4
10/30/2021 7:30:00 AM,O,1,2,3,4
10/30/2021 7:35:00 AM,P,1,2,3,4
10/30/2021 7:40:00 AM,Q,1,2,3,4
10/30/2021 7:45:00 AM,R,1,2,3,4
10/30/2021 7:50:00 AM,S,1,2,3,4
10/30/2021 7:55:00 AM,T,1,2,3,4
10/30/2021 8:00:00 AM,U,1,2,3,4
10/30/2021 8:05:00 AM,V,1,2,3,4
10/30/2021 8:10:00 AM,W,1,2,3,4
10/30/2021 8:15:00 AM,X,1,2,3,4
10/30/2021 8:20:00 AM,Y,1,2,3,4
10/30/2021 8:25:00 AM,Z,1,2,3,4
10/30/2021 8:30:00 AM,A,1,2,3,4
10/30/2021 8:35:00 AM,B,1,2,3,4
10/30/2021 8:40:00 AM,C,1,2,3,4
10/30/2021 8:45:00 AM,D,1,2,3,4
10/30/2021 8:50:00 AM,E,1,2,3,4
10/30/2021 8:55:00 AM,F,1,2,3,4
10/30/2021 9:00:00 AM,G,1,2,3,4
10/30/2021 9:05:00 AM,H,1,2,3,4
10/30/2021 9:10:00 AM,I,1,2,3,4
10/30/2021 9:15:00 AM,J,1,2,3,4
10/30/2021 9:20:00 AM,K,1,2,3,4
10/30/2021 9:25:00 AM,L,1,2,3,4
10/30/2021 9:30:00 AM,M,1,2,3,4
10/30/2021 9:35:00 AM,N,1,2,3,4
10/30/2021 9:40:00 AM,O,1,2,3,4
10/30/2021 9:45:00 AM,P,1,2,3,4
10/30/2021 9:50:00 AM,Q,1,2,3,4
10/30/2021 9:55:00 AM,R,1,2,3,4
10/30/2021 10:00:00 AM,S,1,2,3,4
10/30/2021 10:05:00 AM,T,1,2,3,4
10/30/2021 10:10:00 AM,U,1,2,3,4
10/30/2021 10:15:00 AM,V,1,2,3,4
10/30/2021 10:20:00 AM,W,1,2,3,4
10/30/2021 10:25:00 AM,X,1,2,3,4
10/30/2021 10:30:00 AM,Y,1,2,3,4
10/30/2021 10:35:00 AM,Z,1,2,3,4
10/30/2021 10:40:00 AM,A,1,2,3,4
10/30/2021 10:45:00 AM,B,1,2,3,4
10/30/2021 10:50:00 AM,C,1,2,3,4
10/30/2021 10:55:00 AM,D,1,2,3,4
10/30/2021 11:00:00 AM,E,1,2,3,4
10/30/2021 11:05:00 AM,F,1,2,3,4
10/30/2021 11:10:00 AM,G,1,2,3,4
10/30/2021 11:15:00 AM,H,1,2,3,4
10/30/2021 11:20:00 AM,I,1,2,3,4
10/30/2021 11:25:00 AM,J,1,2,3,4
10/30/2021 11:30:00 AM,K,1,2,3,4
10/30/2021 11:35:00 AM,L,1,2,3,4
10/30/2021 11:40:00 AM,M,1,2,3,4
10/30/2021 11:45:00 AM,N,1,2,3,4
10/30/2021 11:50:00 AM,O,1,2,3,4
10/30/2021 11:55:00 AM,P,1,2,3,4
10/30/2021 12:00:00 PM,Q,1,2,3,4
10/30/2021 12:05:00 PM,R,1,2,3,4
10/30/2021 12:10:00 PM,S,1,2,3,4
10/30/2021 12:15:00 PM,T,1,2,3,4
10/30/2021 12:20:00 PM,U,1,2,3,4
10/30/2021 12:25:00 PM,V,1,2,3,4
10/30/2021 12:30:00 PM,W,1,2,3,4
10/30/2021 12:35:00 PM,X,1,2,3,4
10/30/2021 12:40:00 PM,Y,1,2,3,4
10/30/2021 12:45:00 PM,Z,1,2,3,4
10/30/2021 12:50:00 PM,A,1,2,3,4
10/30/2021 12:55:00 PM,B,1,2,3,4
10/30/2021 1:00:00 PM,C,1,2,3,4
10/30/2021 1:05:00 PM,D,1,2,3,4
10/30/2021 1:10:00 PM,E,1,2,3,4
10/30/2021 1:15:00 PM,F,1,2,3,4
10/30/2021 1:20:00 PM,G,1,2,3,4
10/30/2021 1:25:00 PM,H,1,2,3,4
10/30/2021 1:30:00 PM,I,1,2,3,4
10/30/2021 1:35:00 PM,J,1,2,3,4
10/30/2021 1:40:00 PM,K,1,2,3,4
10/30/2021 1:45:00 PM,L,1,2,3,4
10/30/2021 1:50:00 PM,M,1,2,3,4
10/30/2021 1:55:00 PM,N,1,2,3,4
10/30/2021 2:00:00 PM,O,1,2,3,4
10/30/2021 2:05:00 PM,P,1,2,3,4
10/30/2021 2:10:00 PM,Q,1,2,3,4
10/30/2021 2:15:00 PM,R,1,2,3,4
10/30/2021 2:20:00 PM,S,1,2,3,4
10/30/2021 2:25:00 PM,T,1,2,3,4
10/30/2021 2:30:00 PM,U,1,2,3,4
10/30/2021 2:35:00 PM,V,1,2,3,4
10/30/2021 2:40:00 PM,W,1,2,3,4
10/30/2021 2:45:00 PM,X,1,2,3,4
10/30/2021 2:50:00 PM,Y,1,2,3,4
10/30/2021 2:55:00 PM,Z,1,2,3,4
10/30/2021 3:00:00 PM,A,1,2,3,4
10/30/2021 3:05:00 PM,B,1,2,3,4
10/30/2021 3:10:00 PM,C,1,2,3,4
10/30/2021 3:15:00 PM,D,1,2,3,4
10/30/2021 3:20:00 PM,E,1,2,3,4
10/30/2021 3:25:00 PM,F,1,2,3,4
10/30/2021 3:30:00 PM,G,1,2,3,4
10/30/2021 3:35:00 PM,H,1,2,3,4
10/30/2021 3:40:00 PM,I,1,2,3,4
10/30/2021 3:45:00 PM,J,1,2,3,4
10/30/2021 3:50:00 PM,K,1,2,3,4
10/30/2021 3:55:00 PM,L,1,2,3,4
10/30/2021 4:00:00 PM,M,1,2,3,4
10/30/2021 4:05:00 PM,N,1,2,3,4
10/30/2021 4:10:00 PM,O,1,2,3,4
10/30/2021 4:15:00 PM,P,1,2,3,4
10/30/2021 4:20:00 PM,Q,1,2,3,4
10/30/2021 4:25:00 PM,R,1,2,3,4
10/30/2021 4:30:00 PM,S,1,2,3,4
10/30/2021 4:35:00 PM,T,1,2,3,4
10/30/2021 4:40:00 PM,U,1,2,3,4
10/30/2021 4:45:00 PM,V,1,2,3,4
10/30/2021 4:50:00 PM,W,1,2,3,4
10/30/2021 4:55:00 PM,X,1,2,3,4
10/30/2021 5:00:00 PM,Y,1,2,3,4
10/30/2021 5:05:00 PM,Z,1,2,3,4
10/30/2021 5:10:00 PM,A,1,2,3,4
10/30/2021 5:15:00 PM,B,1,2,3,4
10/30/2021 5:20:00 PM,C,1,2,3,4
10/30/2021 5:25:00 PM,D,1,2,3,4
10/30/2021 5:30:00 PM,E,1,2,3,4
10/30/2021 5:35:00 PM,F,1,2,3,4
10/30/2021 5:40:00 PM,G,1,2,3,4
10/30/2021 5:45:00 PM,H,1,2,3,4
10/30/2021 5:50:00 PM,I,1,2,3,4
10/30/2021 5:55:00 PM,J,1,2,3,4
10/30/2021 6:00:00 PM,K,1,2,3,4
10/30/2021 6:05:00 PM,L,1,2,3,4
10/30/2021 6:10:00 PM,M,1,2,3,4
10/30/2021 6:15:00 PM,N,1,2,3,4
10/30/2021 6:20:00 PM,O,1,2,3,4
10/30/2021 6:25:00 PM,P,1,2,3,4
10/30/2021 6:30:00 PM,Q,1,2,3,4
10/30/2021 6:35:00 PM,R,1,2,3,4
10/30/2021 6:40:00 PM,S,1,2,3,4
10/30/2021 6:45:00 PM,T,1,2,3,4
10/30/2021 6:50:00 PM,U,1,2,3,4
10/30/2021 6:55:00 PM,V,1,2,3,4
10/30/2021 7:00:00 PM,W,1,2,3,4
10/30/2021 7:05:00 PM,X,1,2,3,4
10/30/2021 7:10:00 PM,Y,1,2,3,4
10/30/2021 7:15:00 PM,Z,1,2,3,4
10/30/2021 7:20:00 PM,A,1,2,3,4
10/30/2021 7:25:00 PM,B,1,2,3,4
10/30/2021 7:30:00 PM,C,1,2,3,4
10/30/2021 7:35:00 PM,D,1,2,3,4
10/30/2021 7:40:00 PM,E,1,2,3,4
10/30/2021 7:45:00 PM,F,1,2,3,4
10/30/2021 7:50:00 PM,G,1,2,3,4
10/30/2021 7:55:00 PM,H,1,2,3,4
10/30/2021 8:00:00 PM,I,1,2,3,4
10/30/2021 8:05:00 PM,J,1,2,3,4
10/30/2021 8:10:00 PM,K,1,2,3,4
10/30/2021 8:15:00 PM,L,1,2,3,4
10/30/2021 8:20:00 PM,M,1,2,3,4
10/30/2021 8:25:00 PM,N,1,2,3,4
10/30/2021 8:30:00 PM,O,1,2,3,4
10/30/2021 8:35:00 PM,P,1,2,3,4
10/30/2021 8:40:00 PM,Q,1,2,3,4
10/30/2021 8:45:00 PM,R,1,2,3,4
10/30/2021 8:50:00 PM,S,1,2,3,4
10/30/2021 8:55:00 PM,T,1,2,3,4
10/30/2021 9:00:00 PM,U,1,2,3,4
10/30/2021 9:05:00 PM,V,1,2,3,4
10/30/2021 9:10:00 PM,W,1,2,3,4
10/30/2021 9:15:00 PM,X,1,2,3,4
10/30/2021 9:20:00 PM,Y,1,2,3,4
10/30/2021 9:25:00 PM,Z,1,2,3,4
10/30/2021 9:30:00 PM,A,1,2,3,4
10/30/2021 9:35:00 PM,B,1,2,3,4
10/30/2021 9:40:00 PM,C,1,2,3,4
10/30/2021 9:45:00 PM,D,1,2,3,4
10/30/2021 9:50:00 PM,E,1,2,3,4
10/30/2021 9:55:00 PM,F,1,2,3,4
10/30/2021 10:00:00 PM,G,1,2,3,4
10/30/2021 10:05:00 PM,H,1,2,3,4
10/30/2021 10:10:00 PM,I,1,2,3,4
10/30/2021 10:15:00 PM,J,1,2,3,4
10/30/2021 10:20:00 PM,K,1,2,3,4
10/30/2021 10:25:00 PM,L,1,2,3,4
10/30/2021 10:30:00 PM,M,1,2,3,4
10/30/2021 10:35:00 PM,N,1,2,3,4
10/30/2021 10:40:00 PM,O,1,2,3,4
10/30/2021 10:45:00 PM,P,1,2,3,4
10/30/2021 10:50:00 PM,Q,1,2,3,4
10/30/2021 10:55:00 PM,R,1,2,3,4
10/30/2021 11:00:00 PM,S,1,2,3,4
10/30/2021 11:05:00 PM,T,1,2,3,4
10/30/2021 11:10:00 PM,U,1,2,3,4
10/30/2021 11:15:00 PM,V,1,2,3,4
10/30/2021 11:20:00 PM,W,1,2,3,4
10/30/2021 11:25:00 PM,X,1,2,3,4
10/30/2021 11:30:00 PM,Y,1,2,3,4
10/30/2021 11:35:00 PM,Z,1,2,3,4
10/30/2021 11:40:00 PM,A,1,2,3,4
10/30/2021 11:45:00 PM,B,1,2,3,4
10/30/2021 11:50:00 PM,C,1,2,3,4
10/30/2021 11:55:00 PM,D,1,2,3,4
10/31/2021 12:00:00 AM,E,1,2,3,4
10/31/2021 12:05:00 AM,F,1,2,3,4
10/31/2021 12:10:00 AM,G,1,2,3,4
10/31/2021 12:15:00 AM,H,1,2,3,4
10/31/2021 12:20:00 AM,I,1,2,3,4
10/31/2021 12:25:00 AM,J,1,2,3,4
10/31/2021 12:30:00 AM,K,1,2,3,4
10/31/2021 12:35:00 AM,L,1,2,3,4
10/31/2021 12:40:00 AM,M,1,2,3,4
10/31/2021 12:45:00 AM,N,1,2,3,4
10/31/2021 12:50:00 AM,O,1,2,3,4
10/31/2021 12:55:00 AM,P,1,2,3,4
10/31/2021 1:00:00 AM,Q,1,2,3,4
10/31/2021 1:05:00 AM,R,1,2,3,4
10/31/2021 1:10:00 AM,S,1,2,3,4
10/31/2021 1:15:00 AM,T,1,2,3,4
10/31/2021 1:20:00 AM,U,1,2,3,4
10/31/2021 1:25:00 AM,V,1,2,3,4
10/31/2021 1:30:00 AM,W,1,2,3,4
10/31/2021 1:35:00 AM,X,1,2,3,4
10/31/2021 1:40:00 AM,Y,1,2,3,4
10/31/2021 1:45:00 AM,Z,1,2,3,4
10/31/2021 1:50:00 AM,A,1,2,3,4
10/31/2021 1:55:00 AM,B,1,2,3,4
10/31/2021 2:00:00 AM,C,1,2,3,4
10/31/2021 2:05:00 AM,D,1,2,3,4
10/31/2021 2:10:00 AM,E,1,2,3,4
10/31/2021 2:15:00 AM,F,1,2,3,4
10/31/2021 2:20:00 AM,G,1,2,3,4
10/31/2021 2:25:00 AM,H,1,2,3,4
10/31/2021 2:30:00 AM,I,1,2,3,4
10/31/2021 2:35:00 AM,J,1,2,3,4
10/31/2021 2:40:00 AM,K,1,2,3,4
10/31/2021 2:45:00 AM,L,1,2,3,4
10/31/2021 2:50:00 AM,M,1,2,3,4
10/31/2021 2:55:00 AM,N,1,2,3,4
10/31/2021 3:00:00 AM,O,1,2,3,4
10/31/2021 3:05:00 AM,P,1,2,3,4
10/31/2021 3:10:00 AM,Q,1,2,3,4
10/31/2021 3:15:00 AM,R,1,2,3,4
10/31/2021 3:20:00 AM,S,1,2,3,4
10/31/2021 3:25:00 AM,T,1,2,3,4
10/31/2021 3:30:00 AM,U,1,2,3,4
10/31/2021 3:35:00 AM,V,1,2,3,4
10/31/2021 3:40:00 AM,W,1,2,3,4
10/31/2021 3:45:00 AM,X,1,2,3,4
10/31/2021 3:50:00 AM,Y,1,2,3,4
10/31/2021 3:55:00 AM,Z,1,2,3,4
10/31/2021 4:00:00 AM,A,1,2,3,4
10/31/2021 4:05:00 AM,B,1,2,3,4
10/31/2021 4:10:00 AM,C,1,2,3,4
10/31/2021 4:15:00 AM,D,1,2,3,4
10/31/2021 4:20:00 AM,E,1,2,3,4
10/31/2021 4:25:00 AM,F,1,2,3,4
10/31/2021 4:30:00 AM,G,1,2,3,4
10/31/2021 4:35:00 AM,H,1,2,3,4
10/31/2021 4:40:00 AM,I,1,2,3,4
10/31/2021 4:45:00 AM,J,1,2,3,4
10/31/2021 4:50:00 AM,K,1,2,3,4
10/31/2021 4:55:00 AM,L,1,2,3,4
10/31/2021 5:00:00 AM,M,1,2,3,4
10/31/2021 5:05:00 AM,N,1,2,3,4
10/31/2021 5:10:00 AM,O,1,2,3,4
10/31/2021 5:15:00 AM,P,1,2,3,4
10/31/2021 5:20:00 AM,Q,1,2,3,4
10/31/2021 5:25:00 AM,R,1,2,3,4
10/31/2021 5:30:00 AM,S,1,2,3,4
10/31/2021 5:35:00 AM,T,1,2,3,4
10/31/2021 5:40:00 AM,U,1,2,3,4
10/31/2021 5:45:00 AM,V,1,2,3,4
10/31/2021 5:50:00 AM,W,1,2,3,4
10/31/2021 5:55:00 AM,X,1,2,3,4
10/31/2021 6:00:00 AM,Y,1,2,3,4
10/31/2021 6:05:00 AM,Z,1,2,3,4
10/31/2021 6:10:00 AM,A,1,2,3,4
10/31/2021 6:15:00 AM,B,1,2,3,4
10/31/2021 6:20:00 AM,C,1,2,3,4
10/31/2021 6:25:00 AM,D,1,2,3,4
10/31/2021 6:30:00 AM,E,1,2,3,4
10/31/2021 6:35:00 AM,F,1,2,3,4
10/31/2021 6:40:00 AM,G,1,2,3,4
10/31/2021 6:45:00 AM,H,1,2,3,4
10/31/2021 6:50:00 AM,I,1,2,3,4
10/31/2021 6:55:00 AM,J,1,2,3,4
10/31/2021 7:00:00 AM,K,1,2,3,4
10/31/2021 7:05:00 AM,L,1,2,3,4
10/31/2021 7:10:00 AM,M,1,2,3,4
10/31/2021 7:15:00 AM,N,1,2,3,4
10/31/2021 7:20:00 AM,O,1,2,3,4
10/31/2021 7:25:00 AM,P,1,2,3,4
10/31/2021 7:30:00 AM,Q,1,2,3,4
10/31/2021 7:35:00 AM,R,1,2,3,4
10/31/2021 7:40:00 AM,S,1,2,3,4
10/31/2021 7:45:00 AM,T,1,2,3,4
10/31/2021 7:50:00 AM,U,1,2,3,4
10/31/2021 7:55:00 AM,V,1,2,3,4
10/31/2021 8:00:00 AM,W,1,2,3,4
10/31/2021 8:05:00 AM,X,1,2,3,4
10/31/2021 8:10:00 AM,Y,1,2,3,4
10/31/2021 8:15:00 AM,Z,1,2,3,4
10/31/2021 8:20:00 AM,A,1,2,3,4
10/31/2021 8:25:00 AM,B,1,2,3,4
10/31/2021 8:30:00 AM,C,1,2,3,4
10/31/2021 8:35:00 AM,D,1,2,3,4
10/31/2021 8:40:00 AM,E,1,2,3,4
10/31/2021 8:45:00 AM,F,1,2,3,4
10/31/2021 8:50:00 AM,G,1,2,3,4
10/31/2021 8:55:00 AM,H,1,2,3,4
10/31/2021 9:00:00 AM,I,1,2,3,4
10/31/2021 9:05:00 AM,J,1,2,3,4
10/31/2021 9:10:00 AM,K,1,2,3,4
10/31/2021 9:15:00 AM,L,1,2,3,4
10/31/2021 9:20:00 AM,M,1,2,3,4
10/31/2021 9:25:00 AM,N,1,2,3,4
10/31/2021 9:30:00 AM,O,1,2,3,4
10/31/2021 9:35:00 AM,P,1,2,3,4
10/31/2021 9:40:00 AM,Q,1,2,3,4
10/31/2021 9:45:00 AM,R,1,2,3,4
10/31/2021 9:50:00 AM,S,1,2,3,4
10/31/2021 9:55:00 AM,T,1,2,3,4
10/31/2021 10:00:00 AM,U,1,2,3,4
10/31/2021 10:05:00 AM,V,1,2,3,4
10/31/2021 10:10:00 AM,W,1,2,3,4
10/31/2021 10:15:00 AM,X,1,2,3,4
10/31/2021 10:20:00 AM,Y,1,2,3,4
10/31/2021 10:25:00 AM,Z,1,2,3,4
10/31/2021 10:30:00 AM,A,1,2,3,4
10/31/2021 10:35:00 AM,B,1,2,3,4
10/31/2021 10:40:00 AM,C,1,2,3,4
10/31/2021 10:45:00 AM,D,1,2,3,4
10/31/2021 10:50:00 AM,E,1,2,3,4
10/31/2021 10:55:00 AM,F,1,2,3,4
10/31/2021 11:00:00 AM,G,1,2,3,4
10/31/2021 11:05:00 AM,H,1,2,3,4
10/31/2021 11:10:00 AM,I,1,2,3,4
10/31/2021 11:15:00 AM,J,1,2,3,4
10/31/2021 11:20:00 AM,K,1,2,3,4
10/31/2021 11:25:00 AM,L,1,2,3,4
10/31/2021 11:30:00 AM,M,1,2,3,4
10/31/2021 11:35:00 AM,N,1,2,3,4
10/31/2021 11:40:00 AM,O,1,2,3,4
10/31/2021 11:45:00 AM,P,1,2,3,4
10/31/2021 11:50:00 AM,Q,1,2,3,4
10/31/2021 11:55:00 AM,R,1,2,3,4
10/31/2021 12:00:00 PM,S,1,2,3,4
10/31/2021 12:05:00 PM,T,1,2,3,4
10/31/2021 12:10:00 PM,U,1,2,3,4
10/31/2021 12:15:00 PM,V,1,2,3,4
10/31/2021 12:20:00 PM,W,1,2,3,4
10/31/2021 12:25:00 PM,X,1,2,3,4
10/31/2021 12:30:00 PM,Y,1,2,3,4
10/31/2021 12:35:00 PM,Z,1,2,3,4
10/31/2021 12:40:00 PM,A,1,2,3,4
10/31/2021 12:45:00 PM,B,1,2,3,4
10/31/2021 12:50:00 PM,C,1,2,3,4
10/31/2021 12:55:00 PM,D,1,2,3,4
10/31/2021 1:00:00 PM,E,1,2,3,4
10/31/2021 1:05:00 PM,F,1,2,3,4
10/31/2021 1:10:00 PM,G,1,2,3,4
10/31/2021 1:15:00 PM,H,1,2,3,4
10/31/2021 1:20:00 PM,I,1,2,3,4
10/31/2021 1:25:00 PM,J,1,2,3,4
10/31/2021 1:30:00 PM,K,1,2,3,4
10/31/2021 1:35:00 PM,L,1,2,3,4
10/31/2021 1:40:00 PM,M,1,2,3,4
10/31/2021 1:45:00 PM,N,1,2,3,4
10/31/2021 1:50:00 PM,O,1,2,3,4
10/31/2021 1:55:00 PM,P,1,2,3,4
10/31/2021 2:00:00 PM,Q,1,2,3,4
10/31/2021 2:05:00 PM,R,1,2,3,4
10/31/2021 2:10:00 PM,S,1,2,3,4
10/31/2021 2:15:00 PM,T,1,2,3,4
10/31/2021 2:20:00 PM,U,1,2,3,4
10/31/2021 2:25:00 PM,V,1,2,3,4
10/31/2021 2:30:00 PM,W,1,2,3,4
10/31/2021 2:35:00 PM,X,1,2,3,4
10/31/2021 2:40:00 PM,Y,1,2,3,4
10/31/2021 2:45:00 PM,Z,1,2,3,4
10/31/2021 2:50:00 PM,A,1,2,3,4
10/31/2021 2:55:00 PM,B,1,2,3,4
10/31/2021 3:00:00 PM,C,1,2,3,4
10/31/2021 3:05:00 PM,D,1,2,3,4
10/31/2021 3:10:00 PM,E,1,2,3,4
10/31/2021 3:15:00 PM,F,1,2,3,4
10/31/2021 3:20:00 PM,G,1,2,3,4
10/31/2021 3:25:00 PM,H,1,2,3,4
10/31/2021 3:30:00 PM,I,1,2,3,4
10/31/2021 3:35:00 PM,J,1,2,3,4
10/31/2021 3:40:00 PM,K,1,2,3,4
10/31/2021 3:45:00 PM,L,1,2,3,4
10/31/2021 3:50:00 PM,M,1,2,3,4
10/31/2021 3:55:00 PM,N,1,2,3,4
10/31/2021 4:00:00 PM,O,1,2,3,4
10/31/2021 4:05:00 PM,P,1,2,3,4
10/31/2021 4:10:00 PM,Q,1,2,3,4
10/31/2021 4:15:00 PM,R,1,2,3,4
10/31/2021 4:20:00 PM,S,1,2,3,4
10/31/2021 4:25:00 PM,T,1,2,3,4
10/31/2021 4:30:00 PM,U,1,2,3,4
10/31/2021 4:35:00 PM,V,1,2,3,4
10/31/2021 4:40:00 PM,W,1,2,3,4
10/31/2021 4:45:00 PM,X,1,2,3,4
10/31/2021 4:50:00 PM,Y,1,2,3,4
10/31/2021 4:55:00 PM,Z,1,2,3,4
10/31/2021 5:00:00 PM,A,1,2,3,4
10/31/2021 5:05:00 PM,B,1,2,3,4
10/31/2021 5:10:00 PM,C,1,2,3,4
10/31/2021 5:15:00 PM,D,1,2,3,4
10/31/2021 5:20:00 PM,E,1,2,3,4
10/31/2021 5:25:00 PM,F,1,2,3,4
10/31/2021 5:30:00 PM,G,1,2,3,4
10/31/2021 5:35:00 PM,H,1,2,3,4
10/31/2021 5:40:00 PM,I,1,2,3,4
10/31/2021 5:45:00 PM,J,1,2,3,4
10/31/2021 5:50:00 PM,K,1,2,3,4
10/31/2021 5:55:00 PM,L,1,2,3,4
10/31/2021 6:00:00 PM,M,1,2,3,4
10/31/2021 6:05:00 PM,N,1,2,3,4
10/31/2021 6:10:00 PM,O,1,2,3,4
10/31/2021 6:15:00 PM,P,1,2,3,4
10/31/2021 6:20:00 PM,Q,1,2,3,4
10/31/2021 6:25:00 PM,R,1,2,3,4
10/31/2021 6:30:00 PM,S,1,2,3,4
10/31/2021 6:35:00 PM,T,1,2,3,4
10/31/2021 6:40:00 PM,U,1,2,3,4
10/31/2021 6:45:00 PM,V,1,2,3,4
10/31/2021 6:50:00 PM,W,1,2,3,4
10/31/2021 6:55:00 PM,X,1,2,3,4
10/31/2021 7:00:00 PM,Y,1,2,3,4
10/31/2021 7:05:00 PM,Z,1,2,3,4
10/31/2021 7:10:00 PM,A,1,2,3,4
10/31/2021 7:15:00 PM,B,1,2,3,4
10/31/2021 7:20:00 PM,C,1,2,3,4
10/31/2021 7:25:00 PM,D,1,2,3,4
10/31/2021 7:30:00 PM,E,1,2,3,4
10/31/2021 7:35:00 PM,F,1,2,3,4
10/31/2021 7:40:00 PM,G,1,2,3,4
10/31/2021 7:45:00 PM,H,1,2,3,4
10/31/2021 7:50:00 PM,I,1,2,3,4
10/31/2021 7:55:00 PM,J,1,2,3,4
10/31/2021 8:00:00 PM,K,1,2,3,4
10/31/2021 8:05:00 PM,L,1,2,3,4
10/31/2021 8:10:00 PM,M,1,2,3,4
10/31/2021 8:15:00 PM,N,1,2,3,4
10/31/2021 8:20:00 PM,O,1,2,3,4
10/31/2021 8:25:00 PM,P,1,2,3,4
10/31/2021 8:30:00 PM,Q,1,2,3,4
10/31/2021 8:35:00 PM,R,1,2,3,4
10/31/2021 8:40:00 PM,S,1,2,3,4
10/31/2021 8:45:00 PM,T,1,2,3,4
10/31/2021 8:50:00 PM,U,1,2,3,4
10/31/2021 8:55:00 PM,V,1,2,3,4
10/31/2021 9:00:00 PM,W,1,2,3,4
10/31/2021 9:05:00 PM,X,1,2,3,4
10/31/2021 9:10:00 PM,Y,1,2,3,4
10/31/2021 9:15:00 PM,Z,1,2,3,4
10/31/2021 9:20:00 PM,A,1,2,3,4
10/31/2021 9:25:00 PM,B,1,2,3,4
10/31/2021 9:30:00 PM,C,1,2,3,4
10/31/2021 9:35:00 PM,D,1,2,3,4
10/31/2021 9:40:00 PM,E,1,2,3,4
10/31/2021 9:45:00 PM,F,1,2,3,4
10/31/2021 9:50:00 PM,G,1,2,3,4
10/31/2021 9:55:00 PM,H,1,2,3,4
10/31/2021 10:00:00 PM,I,1,2,3,4
10/31/2021 10:05:00 PM,J,1,2,3,4
10/31/2021 10:10:00 PM,K,1,2,3,4
10/31/2021 10:15:00 PM,L,1,2,3,4
10/31/2021 10:20:00 PM,M,1,2,3,4
10/31/2021 10:25:00 PM,N,1,2,3,4
10/31/2021 10:30:00 PM,O,1,2,3,4
10/31/2021 10:35:00 PM,P,1,2,3,4
10/31/2021 10:40:00 PM,Q,1,2,3,4
10/31/2021 10:45:00 PM,R,1,2,3,4
10/31/2021 10:50:00 PM,S,1,2,3,4
10/31/2021 10:55:00 PM,T,1,2,3,4
10/31/2021 11:00:00 PM,U,1,2,3,4